{
  "objects": [
    {
      "size": "large",
      "material": "metal",
      "rotation": 63.00506903567838,
      "pixel_coords": [
        171,
        100,
        11.090750694274902
      ],
      "3d_coords": [
        0.14667612314224243,
        0.31283411383628845,
        0.699999988079071
      ],
      "shape": "cylinder",
      "color": "yellow"
    },
    {
      "size": "small",
      "material": "rubber",
      "rotation": 4.899662896472994,
      "pixel_coords": [
        68,
        100,
        11.85406494140625
      ],
      "3d_coords": [
        -2.527982473373413,
        -1.9814289808273315,
        0.3499999940395355
      ],
      "shape": "cube",
      "color": "blue"
    },
    {
      "size": "small",
      "material": "metal",
      "rotation": 175.59044440037562,
      "pixel_coords": [
        235,
        94,
        12.2427339553833
      ],
      "3d_coords": [
        0.6720630526542664,
        2.7950079441070557,
        0.3499999940395355
      ],
      "shape": "sphere",
      "color": "yellow"
    },
    {
      "size": "large",
      "material": "metal",
      "rotation": 164.49222316083825,
      "pixel_coords": [
        155,
        125,
        9.696557998657227
      ],
      "3d_coords": [
        1.1049237251281738,
        -1.0553210973739624,
        0.699999988079071
      ],
      "shape": "sphere",
      "color": "cyan"
    },
    {
      "size": "large",
      "material": "metal",
      "rotation": 310.12679490296114,
      "pixel_coords": [
        204,
        156,
        8.418702125549316
      ],
      "3d_coords": [
        2.994673728942871,
        -1.0271748304367065,
        0.699999988079071
      ],
      "shape": "sphere",
      "color": "purple"
    },
    {
      "size": "small",
      "material": "rubber",
      "rotation": 139.29783019217015,
      "pixel_coords": [
        97,
        144,
        9.512069702148438
      ],
      "3d_coords": [
        0.461032897233963,
        -2.531236171722412,
        0.3499999940395355
      ],
      "shape": "sphere",
      "color": "blue"
    },
    {
      "size": "small",
      "material": "metal",
      "rotation": 85.69773686555692,
      "pixel_coords": [
        216,
        85,
        12.967367172241211
      ],
      "3d_coords": [
        -0.31360697746276855,
        2.8879969120025635,
        0.3499999940395355
      ],
      "shape": "sphere",
      "color": "yellow"
    },
    {
      "size": "large",
      "material": "metal",
      "rotation": 249.82648014262116,
      "pixel_coords": [
        184,
        68,
        13.466963768005371
      ],
      "3d_coords": [
        -1.6304525136947632,
        2.4622294902801514,
        0.699999988079071
      ],
      "shape": "cube",
      "color": "purple"
    },
    {
      "size": "large",
      "material": "rubber",
      "rotation": 261.6159255857619,
      "pixel_coords": [
        126,
        174,
        7.804751396179199
      ],
      "3d_coords": [
        2.4331400394439697,
        -2.8763654232025146,
        0.699999988079071
      ],
      "shape": "cube",
      "color": "purple"
    },
    {
      "size": "small",
      "material": "metal",
      "rotation": 23.90988442117881,
      "pixel_coords": [
        78,
        126,
        10.325984954833984
      ],
      "3d_coords": [
        -0.7254858016967773,
        -2.5274436473846436,
        0.3499999940395355
      ],
      "shape": "sphere",
      "color": "yellow"
    }
  ],
  "image_filename": "CLEVR_new_000007.png",
  "split": "new",
  "image_index": 7,
  "relationships": {
    "left": [
      [
        1,
        3,
        5,
        8,
        9
      ],
      [],
      [
        0,
        1,
        3,
        4,
        5,
        6,
        7,
        8,
        9
      ],
      [
        1,
        5,
        8,
        9
      ],
      [
        0,
        1,
        3,
        5,
        7,
        8,
        9
      ],
      [
        1,
        9
      ],
      [
        0,
        1,
        3,
        4,
        5,
        7,
        8,
        9
      ],
      [
        0,
        1,
        3,
        5,
        8,
        9
      ],
      [
        1,
        5,
        9
      ],
      [
        1
      ]
    ],
    "behind": [
      [
        1,
        2,
        6,
        7
      ],
      [
        2,
        6,
        7
      ],
      [
        6,
        7
      ],
      [
        0,
        1,
        2,
        6,
        7,
        9
      ],
      [
        0,
        1,
        2,
        3,
        5,
        6,
        7,
        9
      ],
      [
        0,
        1,
        2,
        3,
        6,
        7,
        9
      ],
      [
        7
      ],
      [],
      [
        0,
        1,
        2,
        3,
        4,
        5,
        6,
        7,
        9
      ],
      [
        0,
        1,
        2,
        6,
        7
      ]
    ],
    "right": [
      [
        2,
        4,
        6,
        7
      ],
      [
        0,
        2,
        3,
        4,
        5,
        6,
        7,
        8,
        9
      ],
      [],
      [
        0,
        2,
        4,
        6,
        7
      ],
      [
        2,
        6
      ],
      [
        0,
        2,
        3,
        4,
        6,
        7,
        8
      ],
      [
        2
      ],
      [
        2,
        4,
        6
      ],
      [
        0,
        2,
        3,
        4,
        6,
        7
      ],
      [
        0,
        2,
        3,
        4,
        5,
        6,
        7,
        8
      ]
    ],
    "front": [
      [
        3,
        4,
        5,
        8,
        9
      ],
      [
        0,
        3,
        4,
        5,
        8,
        9
      ],
      [
        0,
        1,
        3,
        4,
        5,
        8,
        9
      ],
      [
        4,
        5,
        8
      ],
      [
        8
      ],
      [
        4,
        8
      ],
      [
        0,
        1,
        2,
        3,
        4,
        5,
        8,
        9
      ],
      [
        0,
        1,
        2,
        3,
        4,
        5,
        6,
        8,
        9
      ],
      [],
      [
        3,
        4,
        5,
        8
      ]
    ]
  },
  "directions": {
    "left": [
      -0.6563112735748291,
      -0.7544902563095093,
      0.0
    ],
    "below": [
      -0.0,
      -0.0,
      -1.0
    ],
    "above": [
      0.0,
      0.0,
      1.0
    ],
    "behind": [
      -0.754490315914154,
      0.6563112735748291,
      0.0
    ],
    "right": [
      0.6563112735748291,
      0.7544902563095093,
      -0.0
    ],
    "front": [
      0.754490315914154,
      -0.6563112735748291,
      -0.0
    ]
  }
}