{
  "objects": [
    {
      "size": "large",
      "material": "rubber",
      "rotation": 229.51438598088617,
      "pixel_coords": [
        154,
        112,
        10.34631633758545
      ],
      "3d_coords": [
        0.450984925031662,
        -0.6809170246124268,
        0.699999988079071
      ],
      "shape": "cylinder",
      "color": "cyan"
    },
    {
      "size": "large",
      "material": "metal",
      "rotation": 151.27335505260888,
      "pixel_coords": [
        120,
        73,
        13.121834754943848
      ],
      "3d_coords": [
        -2.7611498832702637,
        0.5642695426940918,
        0.699999988079071
      ],
      "shape": "sphere",
      "color": "gray"
    },
    {
      "size": "large",
      "material": "rubber",
      "rotation": 217.27730889849119,
      "pixel_coords": [
        102,
        96,
        11.364057540893555
      ],
      "3d_coords": [
        -1.584205150604248,
        -1.1090748310089111,
        0.699999988079071
      ],
      "shape": "cylinder",
      "color": "purple"
    },
    {
      "size": "small",
      "material": "metal",
      "rotation": 332.47299556489423,
      "pixel_coords": [
        134,
        165,
        8.641929626464844
      ],
      "3d_coords": [
        1.6638598442077637,
        -2.508209228515625,
        0.3499999940395355
      ],
      "shape": "cube",
      "color": "blue"
    },
    {
      "size": "large",
      "material": "rubber",
      "rotation": 88.82870386830568,
      "pixel_coords": [
        223,
        133,
        9.293198585510254
      ],
      "3d_coords": [
        2.606135129928589,
        -0.18708550930023193,
        0.699999988079071
      ],
      "shape": "cylinder",
      "color": "blue"
    },
    {
      "size": "small",
      "material": "metal",
      "rotation": 262.04048204163956,
      "pixel_coords": [
        257,
        127,
        10.29283618927002
      ],
      "3d_coords": [
        2.739588975906372,
        1.3142224550247192,
        0.3499999940395355
      ],
      "shape": "sphere",
      "color": "green"
    },
    {
      "size": "large",
      "material": "metal",
      "rotation": 332.6578171437416,
      "pixel_coords": [
        284,
        98,
        11.187569618225098
      ],
      "3d_coords": [
        2.6467432975769043,
        2.967136859893799,
        0.699999988079071
      ],
      "shape": "sphere",
      "color": "brown"
    },
    {
      "size": "small",
      "material": "metal",
      "rotation": 179.60674752372054,
      "pixel_coords": [
        188,
        88,
        12.766549110412598
      ],
      "3d_coords": [
        -0.5717442631721497,
        1.9611939191818237,
        0.3499999940395355
      ],
      "shape": "cube",
      "color": "green"
    },
    {
      "size": "small",
      "material": "metal",
      "rotation": 5.558801687888875,
      "pixel_coords": [
        161,
        71,
        14.228322982788086
      ],
      "3d_coords": [
        -2.4591355323791504,
        2.415071964263916,
        0.3499999940395355
      ],
      "shape": "cylinder",
      "color": "green"
    },
    {
      "size": "large",
      "material": "rubber",
      "rotation": 241.24566657155952,
      "pixel_coords": [
        227,
        86,
        12.038755416870117
      ],
      "3d_coords": [
        0.7841050028800964,
        2.443406820297241,
        0.699999988079071
      ],
      "shape": "cube",
      "color": "gray"
    }
  ],
  "image_filename": "CLEVR_new_000006.png",
  "split": "new",
  "image_index": 6,
  "relationships": {
    "left": [
      [
        1,
        2,
        3
      ],
      [
        2
      ],
      [],
      [
        1,
        2
      ],
      [
        0,
        1,
        2,
        3,
        7,
        8
      ],
      [
        0,
        1,
        2,
        3,
        4,
        7,
        8,
        9
      ],
      [
        0,
        1,
        2,
        3,
        4,
        5,
        7,
        8,
        9
      ],
      [
        0,
        1,
        2,
        3,
        8
      ],
      [
        0,
        1,
        2,
        3
      ],
      [
        0,
        1,
        2,
        3,
        4,
        7,
        8
      ]
    ],
    "behind": [
      [
        1,
        2,
        6,
        7,
        8,
        9
      ],
      [
        8
      ],
      [
        1,
        7,
        8,
        9
      ],
      [
        0,
        1,
        2,
        4,
        5,
        6,
        7,
        8,
        9
      ],
      [
        0,
        1,
        2,
        5,
        6,
        7,
        8,
        9
      ],
      [
        0,
        1,
        2,
        6,
        7,
        8,
        9
      ],
      [
        1,
        2,
        7,
        8,
        9
      ],
      [
        1,
        8
      ],
      [],
      [
        1,
        7,
        8
      ]
    ],
    "right": [
      [
        4,
        5,
        6,
        7,
        8,
        9
      ],
      [
        0,
        3,
        4,
        5,
        6,
        7,
        8,
        9
      ],
      [
        0,
        1,
        3,
        4,
        5,
        6,
        7,
        8,
        9
      ],
      [
        0,
        4,
        5,
        6,
        7,
        8,
        9
      ],
      [
        5,
        6,
        9
      ],
      [
        6
      ],
      [],
      [
        4,
        5,
        6,
        9
      ],
      [
        4,
        5,
        6,
        7,
        9
      ],
      [
        5,
        6
      ]
    ],
    "front": [
      [
        3,
        4,
        5
      ],
      [
        0,
        2,
        3,
        4,
        5,
        6,
        7,
        9
      ],
      [
        0,
        3,
        4,
        5,
        6
      ],
      [],
      [
        3
      ],
      [
        3,
        4
      ],
      [
        0,
        3,
        4,
        5
      ],
      [
        0,
        2,
        3,
        4,
        5,
        6,
        9
      ],
      [
        0,
        1,
        2,
        3,
        4,
        5,
        6,
        7,
        9
      ],
      [
        0,
        2,
        3,
        4,
        5,
        6
      ]
    ]
  },
  "directions": {
    "left": [
      -0.6563112735748291,
      -0.7544902563095093,
      0.0
    ],
    "below": [
      -0.0,
      -0.0,
      -1.0
    ],
    "above": [
      0.0,
      0.0,
      1.0
    ],
    "behind": [
      -0.754490315914154,
      0.6563112735748291,
      0.0
    ],
    "right": [
      0.6563112735748291,
      0.7544902563095093,
      -0.0
    ],
    "front": [
      0.754490315914154,
      -0.6563112735748291,
      -0.0
    ]
  }
}