{
  "objects": [
    {
      "size": "large",
      "material": "rubber",
      "rotation": 144.29636180703648,
      "pixel_coords": [
        272,
        95,
        10.755702018737793
      ],
      "3d_coords": [
        2.070021390914917,
        2.755596399307251,
        0.699999988079071
      ],
      "shape": "cube",
      "color": "cyan"
    },
    {
      "size": "large",
      "material": "rubber",
      "rotation": 6.9691831604965415,
      "pixel_coords": [
        142,
        168,
        7.4767985343933105
      ],
      "3d_coords": [
        2.2512900829315186,
        -2.58657169342041,
        0.699999988079071
      ],
      "shape": "cylinder",
      "color": "green"
    },
    {
      "size": "large",
      "material": "metal",
      "rotation": 169.6289380051872,
      "pixel_coords": [
        101,
        126,
        9.0626859664917
      ],
      "3d_coords": [
        0.14923566579818726,
        -2.2069664001464844,
        0.699999988079071
      ],
      "shape": "sphere",
      "color": "gray"
    },
    {
      "size": "large",
      "material": "rubber",
      "rotation": 110.93321606916373,
      "pixel_coords": [
        226,
        76,
        12.157419204711914
      ],
      "3d_coords": [
        0.1277373880147934,
        2.9988279342651367,
        0.699999988079071
      ],
      "shape": "sphere",
      "color": "yellow"
    },
    {
      "size": "small",
      "material": "rubber",
      "rotation": 12.451209347802328,
      "pixel_coords": [
        264,
        128,
        9.68220043182373
      ],
      "3d_coords": [
        2.7410528659820557,
        1.3920286893844604,
        0.3499999940395355
      ],
      "shape": "sphere",
      "color": "blue"
    },
    {
      "size": "small",
      "material": "metal",
      "rotation": 157.90269126766262,
      "pixel_coords": [
        170,
        74,
        13.227803230285645
      ],
      "3d_coords": [
        -1.9312018156051636,
        2.270653009414673,
        0.3499999940395355
      ],
      "shape": "cube",
      "color": "blue"
    },
    {
      "size": "large",
      "material": "metal",
      "rotation": 339.5639069726836,
      "pixel_coords": [
        219,
        142,
        8.392278671264648
      ],
      "3d_coords": [
        2.7045228481292725,
        -0.5436973571777344,
        0.699999988079071
      ],
      "shape": "cube",
      "color": "gray"
    },
    {
      "size": "large",
      "material": "rubber",
      "rotation": 189.31091321612143,
      "pixel_coords": [
        44,
        103,
        10.229410171508789
      ],
      "3d_coords": [
        -2.0950803756713867,
        -2.691307783126831,
        0.699999988079071
      ],
      "shape": "sphere",
      "color": "yellow"
    },
    {
      "size": "small",
      "material": "metal",
      "rotation": 262.6627182753641,
      "pixel_coords": [
        132,
        100,
        11.228403091430664
      ],
      "3d_coords": [
        -1.116243600845337,
        -0.21607035398483276,
        0.3499999940395355
      ],
      "shape": "sphere",
      "color": "red"
    },
    {
      "size": "small",
      "material": "rubber",
      "rotation": 250.83793508339951,
      "pixel_coords": [
        160,
        95,
        11.61693000793457
      ],
      "3d_coords": [
        -0.8299744129180908,
        0.7536870241165161,
        0.3499999940395355
      ],
      "shape": "sphere",
      "color": "cyan"
    }
  ],
  "image_filename": "CLEVR_new_000004.png",
  "split": "new",
  "image_index": 4,
  "relationships": {
    "left": [
      [
        1,
        2,
        3,
        4,
        5,
        6,
        7,
        8,
        9
      ],
      [
        2,
        7,
        8
      ],
      [
        7
      ],
      [
        1,
        2,
        5,
        6,
        7,
        8,
        9
      ],
      [
        1,
        2,
        3,
        5,
        6,
        7,
        8,
        9
      ],
      [
        1,
        2,
        7,
        8,
        9
      ],
      [
        1,
        2,
        5,
        7,
        8,
        9
      ],
      [],
      [
        2,
        7
      ],
      [
        1,
        2,
        7,
        8
      ]
    ],
    "behind": [
      [
        3,
        5,
        8,
        9
      ],
      [
        0,
        2,
        3,
        4,
        5,
        6,
        7,
        8,
        9
      ],
      [
        0,
        3,
        4,
        5,
        7,
        8,
        9
      ],
      [
        5
      ],
      [
        0,
        3,
        5,
        7,
        8,
        9
      ],
      [],
      [
        0,
        2,
        3,
        4,
        5,
        7,
        8,
        9
      ],
      [
        0,
        3,
        5,
        8,
        9
      ],
      [
        3,
        5,
        9
      ],
      [
        3,
        5
      ]
    ],
    "right": [
      [],
      [
        0,
        3,
        4,
        5,
        6,
        9
      ],
      [
        0,
        1,
        3,
        4,
        5,
        6,
        8,
        9
      ],
      [
        0,
        4
      ],
      [
        0
      ],
      [
        0,
        3,
        4,
        6
      ],
      [
        0,
        3,
        4
      ],
      [
        0,
        1,
        2,
        3,
        4,
        5,
        6,
        8,
        9
      ],
      [
        0,
        1,
        3,
        4,
        5,
        6,
        9
      ],
      [
        0,
        3,
        4,
        5,
        6
      ]
    ],
    "front": [
      [
        1,
        2,
        4,
        6,
        7
      ],
      [],
      [
        1,
        6
      ],
      [
        0,
        1,
        2,
        4,
        6,
        7,
        8,
        9
      ],
      [
        1,
        2,
        6
      ],
      [
        0,
        1,
        2,
        3,
        4,
        6,
        7,
        8,
        9
      ],
      [
        1
      ],
      [
        1,
        2,
        4,
        6
      ],
      [
        0,
        1,
        2,
        4,
        6,
        7
      ],
      [
        0,
        1,
        2,
        4,
        6,
        7,
        8
      ]
    ]
  },
  "directions": {
    "left": [
      -0.6563112735748291,
      -0.7544902563095093,
      0.0
    ],
    "below": [
      -0.0,
      -0.0,
      -1.0
    ],
    "above": [
      0.0,
      0.0,
      1.0
    ],
    "behind": [
      -0.754490315914154,
      0.6563112735748291,
      0.0
    ],
    "right": [
      0.6563112735748291,
      0.7544902563095093,
      -0.0
    ],
    "front": [
      0.754490315914154,
      -0.6563112735748291,
      -0.0
    ]
  }
}