{
  "objects": [
    {
      "size": "small",
      "material": "metal",
      "rotation": 336.47295687016026,
      "pixel_coords": [
        40,
        110,
        11.319707870483398
      ],
      "3d_coords": [
        -2.5002641677856445,
        -2.9585001468658447,
        0.3499999940395355
      ],
      "shape": "cylinder",
      "color": "brown"
    },
    {
      "size": "small",
      "material": "rubber",
      "rotation": 301.0329199045295,
      "pixel_coords": [
        189,
        95,
        12.375986099243164
      ],
      "3d_coords": [
        -0.3238121271133423,
        1.5698294639587402,
        0.3499999940395355
      ],
      "shape": "cube",
      "color": "yellow"
    },
    {
      "size": "small",
      "material": "metal",
      "rotation": 155.2539179663783,
      "pixel_coords": [
        78,
        116,
        10.917774200439453
      ],
      "3d_coords": [
        -1.3164544105529785,
        -2.2296719551086426,
        0.3499999940395355
      ],
      "shape": "sphere",
      "color": "blue"
    },
    {
      "size": "small",
      "material": "metal",
      "rotation": 126.68474424152532,
      "pixel_coords": [
        172,
        157,
        8.85859203338623
      ],
      "3d_coords": [
        2.2867865562438965,
        -1.4956599473953247,
        0.3499999940395355
      ],
      "shape": "cube",
      "color": "green"
    },
    {
      "size": "small",
      "material": "metal",
      "rotation": 34.94294934498924,
      "pixel_coords": [
        248,
        104,
        11.69794750213623
      ],
      "3d_coords": [
        1.4958142042160034,
        2.5831408500671387,
        0.3499999940395355
      ],
      "shape": "sphere",
      "color": "gray"
    },
    {
      "size": "large",
      "material": "rubber",
      "rotation": 162.5164072386005,
      "pixel_coords": [
        220,
        133,
        9.272538185119629
      ],
      "3d_coords": [
        2.611135721206665,
        -0.07892347872257233,
        0.699999988079071
      ],
      "shape": "cube",
      "color": "purple"
    },
    {
      "size": "large",
      "material": "rubber",
      "rotation": 323.19217280025595,
      "pixel_coords": [
        113,
        156,
        8.284006118774414
      ],
      "3d_coords": [
        1.7538950443267822,
        -2.879258871078491,
        0.699999988079071
      ],
      "shape": "cylinder",
      "color": "brown"
    }
  ],
  "image_filename": "CLEVR_new_000003.png",
  "split": "new",
  "image_index": 3,
  "relationships": {
    "left": [
      [],
      [
        0,
        2,
        3,
        6
      ],
      [
        0
      ],
      [
        0,
        2,
        6
      ],
      [
        0,
        1,
        2,
        3,
        5,
        6
      ],
      [
        0,
        1,
        2,
        3,
        6
      ],
      [
        0,
        2
      ]
    ],
    "behind": [
      [
        1,
        4
      ],
      [],
      [
        0,
        1,
        4
      ],
      [
        0,
        1,
        2,
        4,
        5
      ],
      [
        1
      ],
      [
        0,
        1,
        2,
        4
      ],
      [
        0,
        1,
        2,
        3,
        4,
        5
      ]
    ],
    "right": [
      [
        1,
        2,
        3,
        4,
        5,
        6
      ],
      [
        4,
        5
      ],
      [
        1,
        3,
        4,
        5,
        6
      ],
      [
        1,
        4,
        5
      ],
      [],
      [
        4
      ],
      [
        1,
        3,
        4,
        5
      ]
    ],
    "front": [
      [
        2,
        3,
        5,
        6
      ],
      [
        0,
        2,
        3,
        4,
        5,
        6
      ],
      [
        3,
        5,
        6
      ],
      [
        6
      ],
      [
        0,
        2,
        3,
        5,
        6
      ],
      [
        3,
        6
      ],
      []
    ]
  },
  "directions": {
    "left": [
      -0.6563112735748291,
      -0.7544902563095093,
      0.0
    ],
    "below": [
      -0.0,
      -0.0,
      -1.0
    ],
    "above": [
      0.0,
      0.0,
      1.0
    ],
    "behind": [
      -0.754490315914154,
      0.6563112735748291,
      0.0
    ],
    "right": [
      0.6563112735748291,
      0.7544902563095093,
      -0.0
    ],
    "front": [
      0.754490315914154,
      -0.6563112735748291,
      -0.0
    ]
  }
}