{
  "objects": [
    {
      "size": "large",
      "material": "metal",
      "rotation": 58.28811793870213,
      "pixel_coords": [
        143,
        156,
        7.832108497619629
      ],
      "3d_coords": [
        2.0508511066436768,
        -2.493765115737915,
        0.699999988079071
      ],
      "shape": "cube",
      "color": "yellow"
    },
    {
      "size": "small",
      "material": "rubber",
      "rotation": 137.29601791559872,
      "pixel_coords": [
        64,
        103,
        11.334731101989746
      ],
      "3d_coords": [
        -2.5395548343658447,
        -1.8792191743850708,
        0.3499999940395355
      ],
      "shape": "cylinder",
      "color": "red"
    },
    {
      "size": "small",
      "material": "metal",
      "rotation": 334.95473544278695,
      "pixel_coords": [
        243,
        138,
        9.277026176452637
      ],
      "3d_coords": [
        2.8004584312438965,
        0.3684760332107544,
        0.3499999940395355
      ],
      "shape": "sphere",
      "color": "yellow"
    },
    {
      "size": "small",
      "material": "rubber",
      "rotation": 190.33097603069,
      "pixel_coords": [
        172,
        115,
        10.513249397277832
      ],
      "3d_coords": [
        0.5211619734764099,
        -0.013165437616407871,
        0.3499999940395355
      ],
      "shape": "cylinder",
      "color": "yellow"
    },
    {
      "size": "small",
      "material": "rubber",
      "rotation": 139.98939030388627,
      "pixel_coords": [
        206,
        122,
        10.090785026550293
      ],
      "3d_coords": [
        1.5310360193252563,
        0.3581184148788452,
        0.3499999940395355
      ],
      "shape": "sphere",
      "color": "red"
    },
    {
      "size": "large",
      "material": "rubber",
      "rotation": 212.89385977045166,
      "pixel_coords": [
        116,
        74,
        12.852736473083496
      ],
      "3d_coords": [
        -2.856170892715454,
        0.4927552044391632,
        0.699999988079071
      ],
      "shape": "cube",
      "color": "gray"
    },
    {
      "size": "large",
      "material": "rubber",
      "rotation": 175.8447206421126,
      "pixel_coords": [
        245,
        84,
        11.867501258850098
      ],
      "3d_coords": [
        1.0665138959884644,
        2.993441343307495,
        0.699999988079071
      ],
      "shape": "sphere",
      "color": "green"
    }
  ],
  "image_filename": "CLEVR_new_000005.png",
  "split": "new",
  "image_index": 5,
  "relationships": {
    "left": [
      [
        1,
        5
      ],
      [],
      [
        0,
        1,
        3,
        4,
        5
      ],
      [
        0,
        1,
        5
      ],
      [
        0,
        1,
        3,
        5
      ],
      [
        1
      ],
      [
        0,
        1,
        2,
        3,
        4,
        5
      ]
    ],
    "behind": [
      [
        1,
        2,
        3,
        4,
        5,
        6
      ],
      [
        5,
        6
      ],
      [
        1,
        3,
        4,
        5,
        6
      ],
      [
        1,
        5,
        6
      ],
      [
        1,
        3,
        5,
        6
      ],
      [],
      [
        5
      ]
    ],
    "right": [
      [
        2,
        3,
        4,
        6
      ],
      [
        0,
        2,
        3,
        4,
        5,
        6
      ],
      [
        6
      ],
      [
        2,
        4,
        6
      ],
      [
        2,
        6
      ],
      [
        0,
        2,
        3,
        4,
        6
      ],
      []
    ],
    "front": [
      [],
      [
        0,
        2,
        3,
        4
      ],
      [
        0
      ],
      [
        0,
        2,
        4
      ],
      [
        0,
        2
      ],
      [
        0,
        1,
        2,
        3,
        4,
        6
      ],
      [
        0,
        1,
        2,
        3,
        4
      ]
    ]
  },
  "directions": {
    "left": [
      -0.6563112735748291,
      -0.7544902563095093,
      0.0
    ],
    "below": [
      -0.0,
      -0.0,
      -1.0
    ],
    "above": [
      0.0,
      0.0,
      1.0
    ],
    "behind": [
      -0.754490315914154,
      0.6563112735748291,
      0.0
    ],
    "right": [
      0.6563112735748291,
      0.7544902563095093,
      -0.0
    ],
    "front": [
      0.754490315914154,
      -0.6563112735748291,
      -0.0
    ]
  }
}