{
  "objects": [
    {
      "size": "large",
      "material": "rubber",
      "rotation": 237.2534645545174,
      "pixel_coords": [
        240,
        101,
        10.604094505310059
      ],
      "3d_coords": [
        1.6671679019927979,
        1.7803099155426025,
        0.699999988079071
      ],
      "shape": "cube",
      "color": "brown"
    },
    {
      "size": "small",
      "material": "rubber",
      "rotation": 23.59111419943718,
      "pixel_coords": [
        187,
        135,
        9.57524585723877
      ],
      "3d_coords": [
        1.5727261304855347,
        -0.4142133891582489,
        0.3499999940395355
      ],
      "shape": "cube",
      "color": "green"
    },
    {
      "size": "small",
      "material": "metal",
      "rotation": 171.9840903926711,
      "pixel_coords": [
        136,
        156,
        8.75657844543457
      ],
      "3d_coords": [
        1.3881746530532837,
        -2.040409564971924,
        0.3499999940395355
      ],
      "shape": "cube",
      "color": "red"
    },
    {
      "size": "small",
      "material": "rubber",
      "rotation": 37.6209781485656,
      "pixel_coords": [
        168,
        99,
        11.46914291381836
      ],
      "3d_coords": [
        -0.3729802966117859,
        0.6945599317550659,
        0.3499999940395355
      ],
      "shape": "cube",
      "color": "purple"
    },
    {
      "size": "small",
      "material": "rubber",
      "rotation": 82.84572683337234,
      "pixel_coords": [
        94,
        87,
        12.286029815673828
      ],
      "3d_coords": [
        -2.809676170349121,
        -0.6135847568511963,
        0.3499999940395355
      ],
      "shape": "cylinder",
      "color": "green"
    },
    {
      "size": "small",
      "material": "metal",
      "rotation": 149.9529869996982,
      "pixel_coords": [
        119,
        79,
        12.875249862670898
      ],
      "3d_coords": [
        -2.771272659301758,
        0.4512467086315155,
        0.3499999940395355
      ],
      "shape": "cylinder",
      "color": "brown"
    },
    {
      "size": "small",
      "material": "metal",
      "rotation": 222.04757526229375,
      "pixel_coords": [
        125,
        120,
        10.329182624816895
      ],
      "3d_coords": [
        -0.2536212205886841,
        -1.149000883102417,
        0.3499999940395355
      ],
      "shape": "cylinder",
      "color": "cyan"
    }
  ],
  "image_filename": "CLEVR_new_000001.png",
  "split": "new",
  "image_index": 1,
  "relationships": {
    "left": [
      [
        1,
        2,
        3,
        4,
        5,
        6
      ],
      [
        2,
        3,
        4,
        5,
        6
      ],
      [
        4,
        5,
        6
      ],
      [
        2,
        4,
        5,
        6
      ],
      [],
      [
        4
      ],
      [
        4,
        5
      ]
    ],
    "behind": [
      [
        3,
        4,
        5
      ],
      [
        0,
        3,
        4,
        5,
        6
      ],
      [
        0,
        1,
        3,
        4,
        5,
        6
      ],
      [
        4,
        5
      ],
      [
        5
      ],
      [],
      [
        0,
        3,
        4,
        5
      ]
    ],
    "right": [
      [],
      [
        0
      ],
      [
        0,
        1,
        3
      ],
      [
        0,
        1
      ],
      [
        0,
        1,
        2,
        3,
        5,
        6
      ],
      [
        0,
        1,
        2,
        3,
        6
      ],
      [
        0,
        1,
        2,
        3
      ]
    ],
    "front": [
      [
        1,
        2,
        6
      ],
      [
        2
      ],
      [],
      [
        0,
        1,
        2,
        6
      ],
      [
        0,
        1,
        2,
        3,
        6
      ],
      [
        0,
        1,
        2,
        3,
        4,
        6
      ],
      [
        1,
        2
      ]
    ]
  },
  "directions": {
    "left": [
      -0.6563112735748291,
      -0.7544902563095093,
      0.0
    ],
    "below": [
      -0.0,
      -0.0,
      -1.0
    ],
    "above": [
      0.0,
      0.0,
      1.0
    ],
    "behind": [
      -0.754490315914154,
      0.6563112735748291,
      0.0
    ],
    "right": [
      0.6563112735748291,
      0.7544902563095093,
      -0.0
    ],
    "front": [
      0.754490315914154,
      -0.6563112735748291,
      -0.0
    ]
  }
}