{
  "objects": [
    {
      "size": "large",
      "material": "rubber",
      "rotation": 96.65710235310988,
      "pixel_coords": [
        104,
        152,
        8.15555477142334
      ],
      "3d_coords": [
        1.198451280593872,
        -2.858715295791626,
        0.699999988079071
      ],
      "shape": "cylinder",
      "color": "red"
    },
    {
      "size": "small",
      "material": "rubber",
      "rotation": 287.234338647835,
      "pixel_coords": [
        153,
        74,
        13.438106536865234
      ],
      "3d_coords": [
        -2.4083478450775146,
        1.8503003120422363,
        0.3499999940395355
      ],
      "shape": "sphere",
      "color": "red"
    },
    {
      "size": "small",
      "material": "rubber",
      "rotation": 46.8920390592187,
      "pixel_coords": [
        70,
        101,
        11.361493110656738
      ],
      "3d_coords": [
        -2.461456537246704,
        -1.7302814722061157,
        0.3499999940395355
      ],
      "shape": "cylinder",
      "color": "yellow"
    },
    {
      "size": "large",
      "material": "metal",
      "rotation": 165.8017213227165,
      "pixel_coords": [
        128,
        114,
        9.821915626525879
      ],
      "3d_coords": [
        0.05884284898638725,
        -1.2850419282913208,
        0.699999988079071
      ],
      "shape": "cube",
      "color": "red"
    },
    {
      "size": "small",
      "material": "rubber",
      "rotation": 81.70214384667685,
      "pixel_coords": [
        280,
        113,
        10.634177207946777
      ],
      "3d_coords": [
        2.58219051361084,
        2.580214738845825,
        0.3499999940395355
      ],
      "shape": "cube",
      "color": "cyan"
    },
    {
      "size": "large",
      "material": "rubber",
      "rotation": 3.9550229542349635,
      "pixel_coords": [
        209,
        81,
        11.950363159179688
      ],
      "3d_coords": [
        0.005309813655912876,
        2.26623272895813,
        0.699999988079071
      ],
      "shape": "sphere",
      "color": "cyan"
    },
    {
      "size": "small",
      "material": "rubber",
      "rotation": 221.63530778449692,
      "pixel_coords": [
        175,
        180,
        7.7899956703186035
      ],
      "3d_coords": [
        2.75449538230896,
        -2.0544800758361816,
        0.3499999940395355
      ],
      "shape": "cylinder",
      "color": "blue"
    }
  ],
  "image_filename": "CLEVR_new_000000.png",
  "split": "new",
  "image_index": 0,
  "relationships": {
    "left": [
      [
        2
      ],
      [
        0,
        2,
        3
      ],
      [],
      [
        0,
        2
      ],
      [
        0,
        1,
        2,
        3,
        5,
        6
      ],
      [
        0,
        1,
        2,
        3,
        6
      ],
      [
        0,
        1,
        2,
        3
      ]
    ],
    "behind": [
      [
        1,
        2,
        3,
        4,
        5
      ],
      [],
      [
        1,
        5
      ],
      [
        1,
        2,
        4,
        5
      ],
      [
        1,
        2,
        5
      ],
      [
        1
      ],
      [
        0,
        1,
        2,
        3,
        4,
        5
      ]
    ],
    "right": [
      [
        1,
        3,
        4,
        5,
        6
      ],
      [
        4,
        5,
        6
      ],
      [
        0,
        1,
        3,
        4,
        5,
        6
      ],
      [
        1,
        4,
        5,
        6
      ],
      [],
      [
        4
      ],
      [
        4,
        5
      ]
    ],
    "front": [
      [
        6
      ],
      [
        0,
        2,
        3,
        4,
        5,
        6
      ],
      [
        0,
        3,
        4,
        6
      ],
      [
        0,
        6
      ],
      [
        0,
        3,
        6
      ],
      [
        0,
        2,
        3,
        4,
        6
      ],
      []
    ]
  },
  "directions": {
    "left": [
      -0.6563112735748291,
      -0.7544902563095093,
      0.0
    ],
    "below": [
      -0.0,
      -0.0,
      -1.0
    ],
    "above": [
      0.0,
      0.0,
      1.0
    ],
    "behind": [
      -0.754490315914154,
      0.6563112735748291,
      0.0
    ],
    "right": [
      0.6563112735748291,
      0.7544902563095093,
      -0.0
    ],
    "front": [
      0.754490315914154,
      -0.6563112735748291,
      -0.0
    ]
  }
}