{
  "objects": [
    {
      "size": "large",
      "material": "metal",
      "rotation": 333.3708151766913,
      "pixel_coords": [
        65,
        92,
        11.955175399780273
      ],
      "3d_coords": [
        -2.6119558811187744,
        -2.0422420501708984,
        0.699999988079071
      ],
      "shape": "cylinder",
      "color": "gray"
    },
    {
      "size": "large",
      "material": "metal",
      "rotation": 349.5527049967835,
      "pixel_coords": [
        136,
        155,
        8.540885925292969
      ],
      "3d_coords": [
        2.045586585998535,
        -2.4515302181243896,
        0.699999988079071
      ],
      "shape": "cube",
      "color": "brown"
    },
    {
      "size": "small",
      "material": "rubber",
      "rotation": 61.61158075365975,
      "pixel_coords": [
        89,
        124,
        10.652059555053711
      ],
      "3d_coords": [
        -0.641169548034668,
        -2.2537760734558105,
        0.3499999940395355
      ],
      "shape": "cylinder",
      "color": "brown"
    },
    {
      "size": "small",
      "material": "metal",
      "rotation": 285.44282455476605,
      "pixel_coords": [
        181,
        81,
        13.839400291442871
      ],
      "3d_coords": [
        -1.5371897220611572,
        2.33171010017395,
        0.3499999940395355
      ],
      "shape": "sphere",
      "color": "green"
    },
    {
      "size": "large",
      "material": "metal",
      "rotation": 343.8531881635458,
      "pixel_coords": [
        279,
        101,
        11.30984115600586
      ],
      "3d_coords": [
        2.455092668533325,
        2.9785571098327637,
        0.699999988079071
      ],
      "shape": "sphere",
      "color": "brown"
    },
    {
      "size": "large",
      "material": "metal",
      "rotation": 252.15653050466372,
      "pixel_coords": [
        239,
        124,
        9.9063081741333
      ],
      "3d_coords": [
        2.658233880996704,
        0.7262670993804932,
        0.699999988079071
      ],
      "shape": "sphere",
      "color": "cyan"
    },
    {
      "size": "small",
      "material": "rubber",
      "rotation": 68.0253610411089,
      "pixel_coords": [
        129,
        90,
        13.03077220916748
      ],
      "3d_coords": [
        -2.0877504348754883,
        0.22115080058574677,
        0.3499999940395355
      ],
      "shape": "cube",
      "color": "cyan"
    },
    {
      "size": "large",
      "material": "rubber",
      "rotation": 228.4639174162008,
      "pixel_coords": [
        165,
        63,
        14.692300796508789
      ],
      "3d_coords": [
        -2.8218994140625,
        2.5768561363220215,
        0.699999988079071
      ],
      "shape": "cylinder",
      "color": "purple"
    }
  ],
  "image_filename": "CLEVR_new_000002.png",
  "split": "new",
  "image_index": 2,
  "relationships": {
    "left": [
      [],
      [
        0,
        2,
        6
      ],
      [
        0
      ],
      [
        0,
        1,
        2,
        6,
        7
      ],
      [
        0,
        1,
        2,
        3,
        5,
        6,
        7
      ],
      [
        0,
        1,
        2,
        3,
        6,
        7
      ],
      [
        0,
        2
      ],
      [
        0,
        1,
        2,
        6
      ]
    ],
    "behind": [
      [
        3,
        6,
        7
      ],
      [
        0,
        2,
        3,
        4,
        5,
        6,
        7
      ],
      [
        0,
        3,
        4,
        6,
        7
      ],
      [
        7
      ],
      [
        0,
        3,
        6,
        7
      ],
      [
        0,
        2,
        3,
        4,
        6,
        7
      ],
      [
        3,
        7
      ],
      []
    ],
    "right": [
      [
        1,
        2,
        3,
        4,
        5,
        6,
        7
      ],
      [
        3,
        4,
        5,
        7
      ],
      [
        1,
        3,
        4,
        5,
        6,
        7
      ],
      [
        4,
        5
      ],
      [],
      [
        4
      ],
      [
        1,
        3,
        4,
        5,
        7
      ],
      [
        3,
        4,
        5
      ]
    ],
    "front": [
      [
        1,
        2,
        4,
        5
      ],
      [],
      [
        1,
        5
      ],
      [
        0,
        1,
        2,
        4,
        5,
        6
      ],
      [
        1,
        2,
        5
      ],
      [
        1
      ],
      [
        0,
        1,
        2,
        4,
        5
      ],
      [
        0,
        1,
        2,
        3,
        4,
        5,
        6
      ]
    ]
  },
  "directions": {
    "left": [
      -0.6563112735748291,
      -0.7544902563095093,
      0.0
    ],
    "below": [
      -0.0,
      -0.0,
      -1.0
    ],
    "above": [
      0.0,
      0.0,
      1.0
    ],
    "behind": [
      -0.754490315914154,
      0.6563112735748291,
      0.0
    ],
    "right": [
      0.6563112735748291,
      0.7544902563095093,
      -0.0
    ],
    "front": [
      0.754490315914154,
      -0.6563112735748291,
      -0.0
    ]
  }
}