{"info": {"date": "10/18/2019", "license": "Creative Commons Attribution (CC-BY 4.0)", "version": "1.0", "split": "new"}, "questions": [{"split": "new", "image_filename": "CLEVR_new_000000.png", "image_index": 0, "image": "CLEVR_new_000000", "question": "Does the gray thing have the same size as the blue cube?", "program": [{"type": "scene", "inputs": [], "_output": [0, 1, 2, 3, 4, 5, 6, 7], "value_inputs": []}, {"type": "filter_color", "inputs": [0], "_output": [1], "value_inputs": ["gray"]}, {"type": "unique", "inputs": [1], "_output": 1, "value_inputs": []}, {"type": "scene", "inputs": [], "_output": [0, 1, 2, 3, 4, 5, 6, 7], "value_inputs": []}, {"type": "filter_color", "inputs": [3], "_output": [0, 2], "value_inputs": ["blue"]}, {"type": "filter_shape", "inputs": [4], "_output": [0], "value_inputs": ["cube"]}, {"type": "unique", "inputs": [5], "_output": 0, "value_inputs": []}, {"type": "query_size", "inputs": [2], "_output": "small", "value_inputs": []}, {"type": "query_size", "inputs": [6], "_output": "small", "value_inputs": []}, {"type": "equal_size", "inputs": [7, 8], "_output": true, "value_inputs": []}], "answer": true, "template_filename": "comparison.json", "question_family_index": 0, "question_index": 0}, {"split": "new", "image_filename": "CLEVR_new_000000.png", "image_index": 0, "image": "CLEVR_new_000000", "question": "Is the color of the big rubber object the same as the tiny cylinder?", "program": [{"type": "scene", "inputs": [], "_output": [0, 1, 2, 3, 4, 5, 6, 7], "value_inputs": []}, {"type": "filter_size", "inputs": [0], "_output": [2], "value_inputs": ["large"]}, {"type": "filter_material", "inputs": [1], "_output": [2], "value_inputs": ["rubber"]}, {"type": "unique", "inputs": [2], "_output": 2, "value_inputs": []}, {"type": "scene", "inputs": [], "_output": [0, 1, 2, 3, 4, 5, 6, 7], "value_inputs": []}, {"type": "filter_size", "inputs": [4], "_output": [0, 1, 3, 4, 5, 6, 7], "value_inputs": ["small"]}, {"type": "filter_shape", "inputs": [5], "_output": [7], "value_inputs": ["cylinder"]}, {"type": "unique", "inputs": [6], "_output": 7, "value_inputs": []}, {"type": "query_color", "inputs": [3], "_output": "blue", "value_inputs": []}, {"type": "query_color", "inputs": [7], "_output": "red", "value_inputs": []}, {"type": "equal_color", "inputs": [8, 9], "_output": false, "value_inputs": []}], "answer": false, "template_filename": "comparison.json", "question_family_index": 1, "question_index": 1}, {"split": "new", "image_filename": "CLEVR_new_000000.png", "image_index": 0, "image": "CLEVR_new_000000", "question": "Are the big ball and the cyan object made of the same material?", "program": [{"type": "scene", "inputs": [], "_output": [0, 1, 2, 3, 4, 5, 6, 7], "value_inputs": []}, {"type": "filter_size", "inputs": [0], "_output": [2], "value_inputs": ["large"]}, {"type": "filter_shape", "inputs": [1], "_output": [2], "value_inputs": ["sphere"]}, {"type": "unique", "inputs": [2], "_output": 2, "value_inputs": []}, {"type": "query_material", "inputs": [3], "_output": "rubber", "value_inputs": []}, {"type": "scene", "inputs": [], "_output": [0, 1, 2, 3, 4, 5, 6, 7], "value_inputs": []}, {"type": "filter_color", "inputs": [5], "_output": [3], "value_inputs": ["cyan"]}, {"type": "unique", "inputs": [6], "_output": 3, "value_inputs": []}, {"type": "query_material", "inputs": [7], "_output": "metal", "value_inputs": []}, {"type": "equal_material", "inputs": [4, 8], "_output": false, "value_inputs": []}], "answer": false, "template_filename": "comparison.json", "question_family_index": 2, "question_index": 2}, {"split": "new", "image_filename": "CLEVR_new_000000.png", "image_index": 0, "image": "CLEVR_new_000000", "question": "Does the cyan object have the same shape as the gray object?", "program": [{"type": "scene", "inputs": [], "_output": [0, 1, 2, 3, 4, 5, 6, 7], "value_inputs": []}, {"type": "filter_color", "inputs": [0], "_output": [3], "value_inputs": ["cyan"]}, {"type": "unique", "inputs": [1], "_output": 3, "value_inputs": []}, {"type": "query_shape", "inputs": [2], "_output": "sphere", "value_inputs": []}, {"type": "scene", "inputs": [], "_output": [0, 1, 2, 3, 4, 5, 6, 7], "value_inputs": []}, {"type": "filter_color", "inputs": [4], "_output": [1], "value_inputs": ["gray"]}, {"type": "unique", "inputs": [5], "_output": 1, "value_inputs": []}, {"type": "query_shape", "inputs": [6], "_output": "sphere", "value_inputs": []}, {"type": "equal_shape", "inputs": [3, 7], "_output": true, "value_inputs": []}], "answer": true, "template_filename": "comparison.json", "question_family_index": 3, "question_index": 3}, {"split": "new", "image_filename": "CLEVR_new_000000.png", "image_index": 0, "image": "CLEVR_new_000000", "question": "Does the blue object that is to the right of the brown shiny object have the same size as the tiny blue cube?", "program": [{"type": "scene", "inputs": [], "_output": [0, 1, 2, 3, 4, 5, 6, 7], "value_inputs": []}, {"type": "filter_color", "inputs": [0], "_output": [4, 5], "value_inputs": ["brown"]}, {"type": "filter_material", "inputs": [1], "_output": [4], "value_inputs": ["metal"]}, {"type": "unique", "inputs": [2], "_output": 4, "value_inputs": []}, {"type": "relate", "inputs": [3], "_output": [1, 2], "value_inputs": ["right"]}, {"type": "filter_color", "inputs": [4], "_output": [2], "value_inputs": ["blue"]}, {"type": "unique", "inputs": [5], "_output": 2, "value_inputs": []}, {"type": "query_size", "inputs": [6], "_output": "large", "value_inputs": []}, {"type": "scene", "inputs": [], "_output": [0, 1, 2, 3, 4, 5, 6, 7], "value_inputs": []}, {"type": "filter_size", "inputs": [8], "_output": [0, 1, 3, 4, 5, 6, 7], "value_inputs": ["small"]}, {"type": "filter_color", "inputs": [9], "_output": [0], "value_inputs": ["blue"]}, {"type": "filter_shape", "inputs": [10], "_output": [0], "value_inputs": ["cube"]}, {"type": "unique", "inputs": [11], "_output": 0, "value_inputs": []}, {"type": "query_size", "inputs": [12], "_output": "small", "value_inputs": []}, {"type": "equal_size", "inputs": [7, 13], "_output": false, "value_inputs": []}], "answer": false, "template_filename": "comparison.json", "question_family_index": 4, "question_index": 4}, {"split": "new", "image_filename": "CLEVR_new_000000.png", "image_index": 0, "image": "CLEVR_new_000000", "question": "There is a red sphere; is it the same size as the blue rubber thing behind the red cylinder?", "program": [{"type": "scene", "inputs": [], "_output": [0, 1, 2, 3, 4, 5, 6, 7], "value_inputs": []}, {"type": "filter_color", "inputs": [0], "_output": [6, 7], "value_inputs": ["red"]}, {"type": "filter_shape", "inputs": [1], "_output": [6], "value_inputs": ["sphere"]}, {"type": "unique", "inputs": [2], "_output": 6, "value_inputs": []}, {"type": "query_size", "inputs": [3], "_output": "small", "value_inputs": []}, {"type": "scene", "inputs": [], "_output": [0, 1, 2, 3, 4, 5, 6, 7], "value_inputs": []}, {"type": "filter_color", "inputs": [5], "_output": [6, 7], "value_inputs": ["red"]}, {"type": "filter_shape", "inputs": [6], "_output": [7], "value_inputs": ["cylinder"]}, {"type": "unique", "inputs": [7], "_output": 7, "value_inputs": []}, {"type": "relate", "inputs": [8], "_output": [1, 2, 3, 4, 6], "value_inputs": ["behind"]}, {"type": "filter_color", "inputs": [9], "_output": [2], "value_inputs": ["blue"]}, {"type": "filter_material", "inputs": [10], "_output": [2], "value_inputs": ["rubber"]}, {"type": "unique", "inputs": [11], "_output": 2, "value_inputs": []}, {"type": "query_size", "inputs": [12], "_output": "large", "value_inputs": []}, {"type": "equal_size", "inputs": [4, 13], "_output": false, "value_inputs": []}], "answer": false, "template_filename": "comparison.json", "question_family_index": 5, "question_index": 5}, {"split": "new", "image_filename": "CLEVR_new_000000.png", "image_index": 0, "image": "CLEVR_new_000000", "question": "Is the size of the rubber cube that is left of the tiny blue object the same as the brown block that is behind the large blue ball?", "program": [{"type": "scene", "inputs": [], "_output": [0, 1, 2, 3, 4, 5, 6, 7], "value_inputs": []}, {"type": "filter_size", "inputs": [0], "_output": [0, 1, 3, 4, 5, 6, 7], "value_inputs": ["small"]}, {"type": "filter_color", "inputs": [1], "_output": [0], "value_inputs": ["blue"]}, {"type": "unique", "inputs": [2], "_output": 0, "value_inputs": []}, {"type": "relate", "inputs": [3], "_output": [3, 5, 6, 7], "value_inputs": ["left"]}, {"type": "filter_material", "inputs": [4], "_output": [5], "value_inputs": ["rubber"]}, {"type": "filter_shape", "inputs": [5], "_output": [5], "value_inputs": ["cube"]}, {"type": "unique", "inputs": [6], "_output": 5, "value_inputs": []}, {"type": "query_size", "inputs": [7], "_output": "small", "value_inputs": []}, {"type": "scene", "inputs": [], "_output": [0, 1, 2, 3, 4, 5, 6, 7], "value_inputs": []}, {"type": "filter_size", "inputs": [9], "_output": [2], "value_inputs": ["large"]}, {"type": "filter_color", "inputs": [10], "_output": [2], "value_inputs": ["blue"]}, {"type": "filter_shape", "inputs": [11], "_output": [2], "value_inputs": ["sphere"]}, {"type": "unique", "inputs": [12], "_output": 2, "value_inputs": []}, {"type": "relate", "inputs": [13], "_output": [1, 4, 6], "value_inputs": ["behind"]}, {"type": "filter_color", "inputs": [14], "_output": [4], "value_inputs": ["brown"]}, {"type": "filter_shape", "inputs": [15], "_output": [4], "value_inputs": ["cube"]}, {"type": "unique", "inputs": [16], "_output": 4, "value_inputs": []}, {"type": "query_size", "inputs": [17], "_output": "small", "value_inputs": []}, {"type": "equal_size", "inputs": [8, 18], "_output": true, "value_inputs": []}], "answer": true, "template_filename": "comparison.json", "question_family_index": 6, "question_index": 6}, {"split": "new", "image_filename": "CLEVR_new_000000.png", "image_index": 0, "image": "CLEVR_new_000000", "question": "Do the object in front of the small blue rubber object and the shiny cube have the same color?", "program": [{"type": "scene", "inputs": [], "_output": [0, 1, 2, 3, 4, 5, 6, 7], "value_inputs": []}, {"type": "filter_size", "inputs": [0], "_output": [0, 1, 3, 4, 5, 6, 7], "value_inputs": ["small"]}, {"type": "filter_color", "inputs": [1], "_output": [0], "value_inputs": ["blue"]}, {"type": "filter_material", "inputs": [2], "_output": [0], "value_inputs": ["rubber"]}, {"type": "unique", "inputs": [3], "_output": 0, "value_inputs": []}, {"type": "relate", "inputs": [4], "_output": [5], "value_inputs": ["front"]}, {"type": "unique", "inputs": [5], "_output": 5, "value_inputs": []}, {"type": "query_color", "inputs": [6], "_output": "brown", "value_inputs": []}, {"type": "scene", "inputs": [], "_output": [0, 1, 2, 3, 4, 5, 6, 7], "value_inputs": []}, {"type": "filter_material", "inputs": [8], "_output": [3, 4, 6, 7], "value_inputs": ["metal"]}, {"type": "filter_shape", "inputs": [9], "_output": [4], "value_inputs": ["cube"]}, {"type": "unique", "inputs": [10], "_output": 4, "value_inputs": []}, {"type": "query_color", "inputs": [11], "_output": "brown", "value_inputs": []}, {"type": "equal_color", "inputs": [7, 12], "_output": true, "value_inputs": []}], "answer": true, "template_filename": "comparison.json", "question_family_index": 7, "question_index": 7}, {"split": "new", "image_filename": "CLEVR_new_000000.png", "image_index": 0, "image": "CLEVR_new_000000", "question": "There is a shiny cylinder; does it have the same color as the tiny ball that is on the right side of the tiny brown metal cube?", "program": [{"type": "scene", "inputs": [], "_output": [0, 1, 2, 3, 4, 5, 6, 7], "value_inputs": []}, {"type": "filter_material", "inputs": [0], "_output": [3, 4, 6, 7], "value_inputs": ["metal"]}, {"type": "filter_shape", "inputs": [1], "_output": [7], "value_inputs": ["cylinder"]}, {"type": "unique", "inputs": [2], "_output": 7, "value_inputs": []}, {"type": "query_color", "inputs": [3], "_output": "red", "value_inputs": []}, {"type": "scene", "inputs": [], "_output": [0, 1, 2, 3, 4, 5, 6, 7], "value_inputs": []}, {"type": "filter_size", "inputs": [5], "_output": [0, 1, 3, 4, 5, 6, 7], "value_inputs": ["small"]}, {"type": "filter_color", "inputs": [6], "_output": [4, 5], "value_inputs": ["brown"]}, {"type": "filter_material", "inputs": [7], "_output": [4], "value_inputs": ["metal"]}, {"type": "filter_shape", "inputs": [8], "_output": [4], "value_inputs": ["cube"]}, {"type": "unique", "inputs": [9], "_output": 4, "value_inputs": []}, {"type": "relate", "inputs": [10], "_output": [1, 2], "value_inputs": ["right"]}, {"type": "filter_size", "inputs": [11], "_output": [1], "value_inputs": ["small"]}, {"type": "filter_shape", "inputs": [12], "_output": [1], "value_inputs": ["sphere"]}, {"type": "unique", "inputs": [13], "_output": 1, "value_inputs": []}, {"type": "query_color", "inputs": [14], "_output": "gray", "value_inputs": []}, {"type": "equal_color", "inputs": [4, 15], "_output": false, "value_inputs": []}], "answer": false, "template_filename": "comparison.json", "question_family_index": 8, "question_index": 8}, {"split": "new", "image_filename": "CLEVR_new_000000.png", "image_index": 0, "image": "CLEVR_new_000000", "question": "There is a tiny sphere on the right side of the metallic cube; does it have the same color as the cube that is behind the gray rubber sphere?", "program": [{"type": "scene", "inputs": [], "_output": [0, 1, 2, 3, 4, 5, 6, 7], "value_inputs": []}, {"type": "filter_material", "inputs": [0], "_output": [3, 4, 6, 7], "value_inputs": ["metal"]}, {"type": "filter_shape", "inputs": [1], "_output": [4], "value_inputs": ["cube"]}, {"type": "unique", "inputs": [2], "_output": 4, "value_inputs": []}, {"type": "relate", "inputs": [3], "_output": [1, 2], "value_inputs": ["right"]}, {"type": "filter_size", "inputs": [4], "_output": [1], "value_inputs": ["small"]}, {"type": "filter_shape", "inputs": [5], "_output": [1], "value_inputs": ["sphere"]}, {"type": "unique", "inputs": [6], "_output": 1, "value_inputs": []}, {"type": "query_color", "inputs": [7], "_output": "gray", "value_inputs": []}, {"type": "scene", "inputs": [], "_output": [0, 1, 2, 3, 4, 5, 6, 7], "value_inputs": []}, {"type": "filter_color", "inputs": [9], "_output": [1], "value_inputs": ["gray"]}, {"type": "filter_material", "inputs": [10], "_output": [1], "value_inputs": ["rubber"]}, {"type": "filter_shape", "inputs": [11], "_output": [1], "value_inputs": ["sphere"]}, {"type": "unique", "inputs": [12], "_output": 1, "value_inputs": []}, {"type": "relate", "inputs": [13], "_output": [4, 6], "value_inputs": ["behind"]}, {"type": "filter_shape", "inputs": [14], "_output": [4], "value_inputs": ["cube"]}, {"type": "unique", "inputs": [15], "_output": 4, "value_inputs": []}, {"type": "query_color", "inputs": [16], "_output": "brown", "value_inputs": []}, {"type": "equal_color", "inputs": [8, 17], "_output": false, "value_inputs": []}], "answer": false, "template_filename": "comparison.json", "question_family_index": 9, "question_index": 9}, {"split": "new", "image_filename": "CLEVR_new_000001.png", "image_index": 1, "image": "CLEVR_new_000001", "question": "Is the material of the tiny thing that is on the right side of the large matte ball the same as the yellow cylinder?", "program": [{"type": "scene", "inputs": [], "_output": [0, 1, 2, 3, 4, 5, 6, 7, 8, 9], "value_inputs": []}, {"type": "filter_size", "inputs": [0], "_output": [0, 1, 2, 5, 7], "value_inputs": ["large"]}, {"type": "filter_material", "inputs": [1], "_output": [2], "value_inputs": ["rubber"]}, {"type": "filter_shape", "inputs": [2], "_output": [2], "value_inputs": ["sphere"]}, {"type": "unique", "inputs": [3], "_output": 2, "value_inputs": []}, {"type": "relate", "inputs": [4], "_output": [1, 8], "value_inputs": ["right"]}, {"type": "filter_size", "inputs": [5], "_output": [8], "value_inputs": ["small"]}, {"type": "unique", "inputs": [6], "_output": 8, "value_inputs": []}, {"type": "query_material", "inputs": [7], "_output": "rubber", "value_inputs": []}, {"type": "scene", "inputs": [], "_output": [0, 1, 2, 3, 4, 5, 6, 7, 8, 9], "value_inputs": []}, {"type": "filter_color", "inputs": [9], "_output": [1, 4, 7], "value_inputs": ["yellow"]}, {"type": "filter_shape", "inputs": [10], "_output": [1], "value_inputs": ["cylinder"]}, {"type": "unique", "inputs": [11], "_output": 1, "value_inputs": []}, {"type": "query_material", "inputs": [12], "_output": "metal", "value_inputs": []}, {"type": "equal_material", "inputs": [8, 13], "_output": false, "value_inputs": []}], "answer": false, "template_filename": "comparison.json", "question_family_index": 10, "question_index": 10}, {"split": "new", "image_filename": "CLEVR_new_000001.png", "image_index": 1, "image": "CLEVR_new_000001", "question": "Are the small yellow cube and the tiny block that is in front of the gray shiny object made of the same material?", "program": [{"type": "scene", "inputs": [], "_output": [0, 1, 2, 3, 4, 5, 6, 7, 8, 9], "value_inputs": []}, {"type": "filter_size", "inputs": [0], "_output": [3, 4, 6, 8, 9], "value_inputs": ["small"]}, {"type": "filter_color", "inputs": [1], "_output": [4], "value_inputs": ["yellow"]}, {"type": "filter_shape", "inputs": [2], "_output": [4], "value_inputs": ["cube"]}, {"type": "unique", "inputs": [3], "_output": 4, "value_inputs": []}, {"type": "query_material", "inputs": [4], "_output": "metal", "value_inputs": []}, {"type": "scene", "inputs": [], "_output": [0, 1, 2, 3, 4, 5, 6, 7, 8, 9], "value_inputs": []}, {"type": "filter_color", "inputs": [6], "_output": [0], "value_inputs": ["gray"]}, {"type": "filter_material", "inputs": [7], "_output": [0], "value_inputs": ["metal"]}, {"type": "unique", "inputs": [8], "_output": 0, "value_inputs": []}, {"type": "relate", "inputs": [9], "_output": [2, 3, 6, 8, 9], "value_inputs": ["front"]}, {"type": "filter_size", "inputs": [10], "_output": [3, 6, 8, 9], "value_inputs": ["small"]}, {"type": "filter_shape", "inputs": [11], "_output": [3], "value_inputs": ["cube"]}, {"type": "unique", "inputs": [12], "_output": 3, "value_inputs": []}, {"type": "query_material", "inputs": [13], "_output": "rubber", "value_inputs": []}, {"type": "equal_material", "inputs": [5, 14], "_output": false, "value_inputs": []}], "answer": false, "template_filename": "comparison.json", "question_family_index": 11, "question_index": 11}, {"split": "new", "image_filename": "CLEVR_new_000001.png", "image_index": 1, "image": "CLEVR_new_000001", "question": "Is the material of the small cube that is in front of the big gray cube the same as the sphere to the right of the tiny blue rubber cube?", "program": [{"type": "scene", "inputs": [], "_output": [0, 1, 2, 3, 4, 5, 6, 7, 8, 9], "value_inputs": []}, {"type": "filter_size", "inputs": [0], "_output": [0, 1, 2, 5, 7], "value_inputs": ["large"]}, {"type": "filter_color", "inputs": [1], "_output": [0], "value_inputs": ["gray"]}, {"type": "filter_shape", "inputs": [2], "_output": [0], "value_inputs": ["cube"]}, {"type": "unique", "inputs": [3], "_output": 0, "value_inputs": []}, {"type": "relate", "inputs": [4], "_output": [2, 3, 6, 8, 9], "value_inputs": ["front"]}, {"type": "filter_size", "inputs": [5], "_output": [3, 6, 8, 9], "value_inputs": ["small"]}, {"type": "filter_shape", "inputs": [6], "_output": [3], "value_inputs": ["cube"]}, {"type": "unique", "inputs": [7], "_output": 3, "value_inputs": []}, {"type": "query_material", "inputs": [8], "_output": "rubber", "value_inputs": []}, {"type": "scene", "inputs": [], "_output": [0, 1, 2, 3, 4, 5, 6, 7, 8, 9], "value_inputs": []}, {"type": "filter_size", "inputs": [10], "_output": [3, 4, 6, 8, 9], "value_inputs": ["small"]}, {"type": "filter_color", "inputs": [11], "_output": [3], "value_inputs": ["blue"]}, {"type": "filter_material", "inputs": [12], "_output": [3], "value_inputs": ["rubber"]}, {"type": "filter_shape", "inputs": [13], "_output": [3], "value_inputs": ["cube"]}, {"type": "unique", "inputs": [14], "_output": 3, "value_inputs": []}, {"type": "relate", "inputs": [15], "_output": [1, 2, 4, 8], "value_inputs": ["right"]}, {"type": "filter_shape", "inputs": [16], "_output": [2], "value_inputs": ["sphere"]}, {"type": "unique", "inputs": [17], "_output": 2, "value_inputs": []}, {"type": "query_material", "inputs": [18], "_output": "rubber", "value_inputs": []}, {"type": "equal_material", "inputs": [9, 19], "_output": true, "value_inputs": []}], "answer": true, "template_filename": "comparison.json", "question_family_index": 12, "question_index": 12}, {"split": "new", "image_filename": "CLEVR_new_000001.png", "image_index": 1, "image": "CLEVR_new_000001", "question": "There is a small object on the right side of the small yellow metal block; is it the same shape as the purple object?", "program": [{"type": "scene", "inputs": [], "_output": [0, 1, 2, 3, 4, 5, 6, 7, 8, 9], "value_inputs": []}, {"type": "filter_size", "inputs": [0], "_output": [3, 4, 6, 8, 9], "value_inputs": ["small"]}, {"type": "filter_color", "inputs": [1], "_output": [4], "value_inputs": ["yellow"]}, {"type": "filter_material", "inputs": [2], "_output": [4], "value_inputs": ["metal"]}, {"type": "filter_shape", "inputs": [3], "_output": [4], "value_inputs": ["cube"]}, {"type": "unique", "inputs": [4], "_output": 4, "value_inputs": []}, {"type": "relate", "inputs": [5], "_output": [1, 2, 8], "value_inputs": ["right"]}, {"type": "filter_size", "inputs": [6], "_output": [8], "value_inputs": ["small"]}, {"type": "unique", "inputs": [7], "_output": 8, "value_inputs": []}, {"type": "query_shape", "inputs": [8], "_output": "cylinder", "value_inputs": []}, {"type": "scene", "inputs": [], "_output": [0, 1, 2, 3, 4, 5, 6, 7, 8, 9], "value_inputs": []}, {"type": "filter_color", "inputs": [10], "_output": [9], "value_inputs": ["purple"]}, {"type": "unique", "inputs": [11], "_output": 9, "value_inputs": []}, {"type": "query_shape", "inputs": [12], "_output": "sphere", "value_inputs": []}, {"type": "equal_shape", "inputs": [9, 13], "_output": false, "value_inputs": []}], "answer": false, "template_filename": "comparison.json", "question_family_index": 13, "question_index": 13}, {"split": "new", "image_filename": "CLEVR_new_000001.png", "image_index": 1, "image": "CLEVR_new_000001", "question": "There is a big cyan shiny object; does it have the same shape as the small matte thing that is to the left of the tiny cyan shiny object?", "program": [{"type": "scene", "inputs": [], "_output": [0, 1, 2, 3, 4, 5, 6, 7, 8, 9], "value_inputs": []}, {"type": "filter_size", "inputs": [0], "_output": [0, 1, 2, 5, 7], "value_inputs": ["large"]}, {"type": "filter_color", "inputs": [1], "_output": [5], "value_inputs": ["cyan"]}, {"type": "filter_material", "inputs": [2], "_output": [5], "value_inputs": ["metal"]}, {"type": "unique", "inputs": [3], "_output": 5, "value_inputs": []}, {"type": "query_shape", "inputs": [4], "_output": "cylinder", "value_inputs": []}, {"type": "scene", "inputs": [], "_output": [0, 1, 2, 3, 4, 5, 6, 7, 8, 9], "value_inputs": []}, {"type": "filter_size", "inputs": [6], "_output": [3, 4, 6, 8, 9], "value_inputs": ["small"]}, {"type": "filter_color", "inputs": [7], "_output": [6, 8], "value_inputs": ["cyan"]}, {"type": "filter_material", "inputs": [8], "_output": [6], "value_inputs": ["metal"]}, {"type": "unique", "inputs": [9], "_output": 6, "value_inputs": []}, {"type": "relate", "inputs": [10], "_output": [0, 5, 7, 9], "value_inputs": ["left"]}, {"type": "filter_size", "inputs": [11], "_output": [9], "value_inputs": ["small"]}, {"type": "filter_material", "inputs": [12], "_output": [9], "value_inputs": ["rubber"]}, {"type": "unique", "inputs": [13], "_output": 9, "value_inputs": []}, {"type": "query_shape", "inputs": [14], "_output": "sphere", "value_inputs": []}, {"type": "equal_shape", "inputs": [5, 15], "_output": false, "value_inputs": []}], "answer": false, "template_filename": "comparison.json", "question_family_index": 14, "question_index": 14}, {"split": "new", "image_filename": "CLEVR_new_000001.png", "image_index": 1, "image": "CLEVR_new_000001", "question": "Does the small shiny object that is behind the big cyan thing have the same shape as the large yellow shiny thing that is on the left side of the tiny yellow block?", "program": [{"type": "scene", "inputs": [], "_output": [0, 1, 2, 3, 4, 5, 6, 7, 8, 9], "value_inputs": []}, {"type": "filter_size", "inputs": [0], "_output": [0, 1, 2, 5, 7], "value_inputs": ["large"]}, {"type": "filter_color", "inputs": [1], "_output": [5], "value_inputs": ["cyan"]}, {"type": "unique", "inputs": [2], "_output": 5, "value_inputs": []}, {"type": "relate", "inputs": [3], "_output": [1, 4, 7], "value_inputs": ["behind"]}, {"type": "filter_size", "inputs": [4], "_output": [4], "value_inputs": ["small"]}, {"type": "filter_material", "inputs": [5], "_output": [4], "value_inputs": ["metal"]}, {"type": "unique", "inputs": [6], "_output": 4, "value_inputs": []}, {"type": "query_shape", "inputs": [7], "_output": "cube", "value_inputs": []}, {"type": "scene", "inputs": [], "_output": [0, 1, 2, 3, 4, 5, 6, 7, 8, 9], "value_inputs": []}, {"type": "filter_size", "inputs": [9], "_output": [3, 4, 6, 8, 9], "value_inputs": ["small"]}, {"type": "filter_color", "inputs": [10], "_output": [4], "value_inputs": ["yellow"]}, {"type": "filter_shape", "inputs": [11], "_output": [4], "value_inputs": ["cube"]}, {"type": "unique", "inputs": [12], "_output": 4, "value_inputs": []}, {"type": "relate", "inputs": [13], "_output": [0, 3, 5, 6, 7, 9], "value_inputs": ["left"]}, {"type": "filter_size", "inputs": [14], "_output": [0, 5, 7], "value_inputs": ["large"]}, {"type": "filter_color", "inputs": [15], "_output": [7], "value_inputs": ["yellow"]}, {"type": "filter_material", "inputs": [16], "_output": [7], "value_inputs": ["metal"]}, {"type": "unique", "inputs": [17], "_output": 7, "value_inputs": []}, {"type": "query_shape", "inputs": [18], "_output": "cube", "value_inputs": []}, {"type": "equal_shape", "inputs": [8, 19], "_output": true, "value_inputs": []}], "answer": true, "template_filename": "comparison.json", "question_family_index": 15, "question_index": 15}, {"split": "new", "image_filename": "CLEVR_new_000001.png", "image_index": 1, "image": "CLEVR_new_000001", "question": "How many rubber cylinders are to the left of the large ball?", "program": [{"type": "scene", "inputs": [], "_output": [0, 1, 2, 3, 4, 5, 6, 7, 8, 9], "value_inputs": []}, {"type": "filter_size", "inputs": [0], "_output": [0, 1, 2, 5, 7], "value_inputs": ["large"]}, {"type": "filter_shape", "inputs": [1], "_output": [2], "value_inputs": ["sphere"]}, {"type": "unique", "inputs": [2], "_output": 2, "value_inputs": []}, {"type": "relate", "inputs": [3], "_output": [0, 3, 4, 5, 6, 7, 9], "value_inputs": ["left"]}, {"type": "filter_material", "inputs": [4], "_output": [3, 9], "value_inputs": ["rubber"]}, {"type": "filter_shape", "inputs": [5], "_output": [], "value_inputs": ["cylinder"]}, {"type": "count", "inputs": [6], "_output": 0, "value_inputs": []}], "answer": 0, "template_filename": "one_hop.json", "question_family_index": 0, "question_index": 16}, {"split": "new", "image_filename": "CLEVR_new_000001.png", "image_index": 1, "image": "CLEVR_new_000001", "question": "There is a small blue thing; are there any tiny cyan metal objects behind it?", "program": [{"type": "scene", "inputs": [], "_output": [0, 1, 2, 3, 4, 5, 6, 7, 8, 9], "value_inputs": []}, {"type": "filter_size", "inputs": [0], "_output": [3, 4, 6, 8, 9], "value_inputs": ["small"]}, {"type": "filter_color", "inputs": [1], "_output": [3], "value_inputs": ["blue"]}, {"type": "unique", "inputs": [2], "_output": 3, "value_inputs": []}, {"type": "relate", "inputs": [3], "_output": [0, 1, 2, 4, 5, 6, 7, 8, 9], "value_inputs": ["behind"]}, {"type": "filter_size", "inputs": [4], "_output": [4, 6, 8, 9], "value_inputs": ["small"]}, {"type": "filter_color", "inputs": [5], "_output": [6, 8], "value_inputs": ["cyan"]}, {"type": "filter_material", "inputs": [6], "_output": [6], "value_inputs": ["metal"]}, {"type": "exist", "inputs": [7], "_output": true, "value_inputs": []}], "answer": true, "template_filename": "one_hop.json", "question_family_index": 1, "question_index": 17}, {"split": "new", "image_filename": "CLEVR_new_000001.png", "image_index": 1, "image": "CLEVR_new_000001", "question": "There is a shiny thing left of the purple rubber ball; what size is it?", "program": [{"type": "scene", "inputs": [], "_output": [0, 1, 2, 3, 4, 5, 6, 7, 8, 9], "value_inputs": []}, {"type": "filter_color", "inputs": [0], "_output": [9], "value_inputs": ["purple"]}, {"type": "filter_material", "inputs": [1], "_output": [9], "value_inputs": ["rubber"]}, {"type": "filter_shape", "inputs": [2], "_output": [9], "value_inputs": ["sphere"]}, {"type": "unique", "inputs": [3], "_output": 9, "value_inputs": []}, {"type": "relate", "inputs": [4], "_output": [5], "value_inputs": ["left"]}, {"type": "filter_material", "inputs": [5], "_output": [5], "value_inputs": ["metal"]}, {"type": "unique", "inputs": [6], "_output": 5, "value_inputs": []}, {"type": "query_size", "inputs": [7], "_output": "large", "value_inputs": []}], "answer": "large", "template_filename": "one_hop.json", "question_family_index": 2, "question_index": 18}, {"split": "new", "image_filename": "CLEVR_new_000001.png", "image_index": 1, "image": "CLEVR_new_000001", "question": "There is a ball on the right side of the blue thing; what is its color?", "program": [{"type": "scene", "inputs": [], "_output": [0, 1, 2, 3, 4, 5, 6, 7, 8, 9], "value_inputs": []}, {"type": "filter_color", "inputs": [0], "_output": [3], "value_inputs": ["blue"]}, {"type": "unique", "inputs": [1], "_output": 3, "value_inputs": []}, {"type": "relate", "inputs": [2], "_output": [1, 2, 4, 8], "value_inputs": ["right"]}, {"type": "filter_shape", "inputs": [3], "_output": [2], "value_inputs": ["sphere"]}, {"type": "unique", "inputs": [4], "_output": 2, "value_inputs": []}, {"type": "query_color", "inputs": [5], "_output": "brown", "value_inputs": []}], "answer": "brown", "template_filename": "one_hop.json", "question_family_index": 3, "question_index": 19}]}